escenario_id,fecha_inicio,algoritmo,semilla,tc_dias,censurado,pedidos_ingresados,pedidos_completados_a_tiempo,entregas_totales,entregas_parciales,costo_acumulado_soles,km_recorridos,ticks_simulados,ta_promedio_ms,ta_maximo_ms
1,2026-01-19,ACS,1,441.6250,false,56279,56125,84528,52601,12086132.00,2334174.00,21198,10.718,425
1,2026-01-19,GRASP_VNS,1,386.3125,false,47020,46814,59519,24268,9541962.00,1867275.00,18543,11.450,776
2,2026-04-21,ACS,2,349.8958,false,52252,52119,77505,47259,11228000.00,2100504.00,16795,13.058,513
2,2026-04-21,GRASP_VNS,2,294.1458,false,42863,42662,53711,21158,8728844.00,1666953.00,14119,13.808,557
3,2026-05-14,ACS,3,327.7500,false,50721,50586,74886,45280,10866519.00,2014219.00,15732,14.373,743
3,2026-05-14,GRASP_VNS,3,271.3542,false,41136,40922,51486,20205,8337607.00,1580038.00,13025,14.049,840
4,2026-09-02,ACS,4,215.6875,false,36429,36270,52757,30735,7538615.00,1338914.00,10353,23.531,813
4,2026-09-02,GRASP_VNS,4,160.4167,false,27186,26994,34331,13912,5591597.00,1010344.00,7700,20.785,423
5,2026-09-06,ACS,5,215.5625,false,37157,36946,53555,30950,7572087.00,1342424.00,10347,24.862,762
5,2026-09-06,GRASP_VNS,5,156.3542,false,26560,26350,33520,13539,5496839.00,990922.00,7505,24.711,413
6,2026-10-12,ACS,6,175.6250,false,29473,29316,42490,24500,5951890.00,1042793.00,8430,30.414,671
6,2026-10-12,GRASP_VNS,6,120.4792,false,20268,20074,26076,11288,4257037.00,754050.00,5783,29.292,368
7,2026-11-11,ACS,7,143.4375,false,23708,23617,34127,19557,4682876.00,815099.00,6885,34.951,594
7,2026-11-11,GRASP_VNS,7,90.3333,false,15204,14995,19957,9290,3261627.00,569203.00,4336,37.114,369
8,2026-12-21,ACS,8,108.6875,false,17856,17676,25529,14500,3213241.00,558317.00,5217,57.827,1003
8,2026-12-21,GRASP_VNS,8,50.7292,false,7714,7519,10591,5663,1731907.00,295682.00,2435,62.012,362
9,2027-02-10,ACS,9,53.9792,false,8859,8712,12596,7135,1462898.00,254944.00,2591,70.758,322
9,2027-02-10,GRASP_VNS,9,8.1458,false,2267,2055,2925,1596,486066.00,82529.00,391,117.722,365
10,2027-03-26,ACS,10,10.6250,false,1594,1447,2110,1198,215477.00,37784.00,510,163.479,324
10,2027-03-26,GRASP_VNS,10,8.8750,false,994,765,1121,647,184105.00,30890.00,426,191.358,383
11,2027-04-05,ACS,11,5.2083,false,1771,1608,2348,1325,247087.00,43235.00,250,120.408,409
11,2027-04-05,GRASP_VNS,11,4.0417,false,1353,1083,1548,847,251414.00,42313.00,194,137.400,468
12,2027-05-09,ACS,12,4.6667,false,1644,1468,2131,1200,213694.00,37602.00,224,159.063,356
12,2027-05-09,GRASP_VNS,12,3.1042,false,1099,844,1188,632,196890.00,33122.00,149,197.343,485
13,2027-05-17,ACS,13,17.0625,false,831,631,932,523,101992.00,17872.00,819,129.117,376
13,2027-05-17,GRASP_VNS,13,17.5208,false,1017,678,972,538,160984.00,26984.00,841,186.615,551
14,2027-05-21,ACS,14,13.2292,false,908,706,1023,563,107255.00,18711.00,635,133.827,385
14,2027-05-21,GRASP_VNS,14,13.6458,false,1066,721,1038,569,163752.00,27603.00,655,204.058,590
15,2027-05-22,ACS,15,12.1042,false,851,663,979,557,102683.00,17928.00,581,131.711,370
15,2027-05-22,GRASP_VNS,15,12.5625,false,1032,694,1006,561,160154.00,26942.00,603,196.500,544
16,2027-08-05,ACS,16,1.1667,false,588,358,519,273,56106.00,9862.00,56,215.407,514
16,2027-08-05,GRASP_VNS,16,1.7500,false,851,471,677,369,105968.00,17821.00,84,281.145,629
17,2027-08-08,ACS,17,2.3958,false,940,744,1085,604,117811.00,20588.00,115,151.553,432
17,2027-08-08,GRASP_VNS,17,2.5417,false,1007,689,976,525,160922.00,27080.00,122,191.635,530
18,2027-08-26,ACS,18,7.9792,false,809,601,889,497,93182.00,16333.00,383,154.579,461
18,2027-08-26,GRASP_VNS,18,8.2292,false,949,600,860,466,135909.00,22960.00,395,203.529,629
19,2027-09-17,ACS,19,16.0625,false,884,671,977,541,96470.00,16914.00,771,188.051,420
19,2027-09-17,GRASP_VNS,19,16.1667,false,936,603,854,453,137363.00,23064.00,776,209.373,565
20,2027-09-21,ACS,20,11.8542,false,783,613,884,475,87537.00,15297.00,569,157.261,423
20,2027-09-21,GRASP_VNS,20,12.2083,false,956,617,889,499,136478.00,22944.00,586,223.208,573
21,2027-10-17,ACS,21,16.5833,false,734,486,713,395,73284.00,12926.00,796,224.528,559
21,2027-10-17,GRASP_VNS,21,16.9583,false,917,509,748,424,116641.00,19829.00,814,264.778,666
22,2027-10-23,ACS,22,10.5208,false,712,472,687,370,72124.00,12646.00,505,209.319,517
22,2027-10-23,GRASP_VNS,22,10.8958,false,879,503,728,396,116352.00,19898.00,523,278.943,1296
23,2027-10-24,ACS,23,9.5417,false,718,463,681,366,72130.00,12724.00,458,205.014,515
23,2027-10-24,GRASP_VNS,23,9.9583,false,917,524,759,414,118132.00,19992.00,478,288.573,1155
24,2027-12-14,ACS,24,18.8750,false,548,283,410,208,41814.00,7384.00,906,193.854,494
24,2027-12-14,GRASP_VNS,24,19.3125,false,803,379,533,276,81125.00,13610.00,927,288.127,1211
25,2028-01-04,ACS,25,0.9167,false,526,314,457,236,44519.00,7820.00,44,186.721,1008
25,2028-01-04,GRASP_VNS,25,1.6458,false,942,469,675,372,104627.00,17521.00,79,278.118,1073
26,2028-01-20,ACS,26,12.4375,false,238,147,219,119,26094.00,4585.00,597,85.550,176
26,2028-01-20,GRASP_VNS,26,13.5833,false,898,446,640,352,103136.00,17276.00,652,245.487,867
27,2028-02-07,ACS,27,0.6667,false,492,234,345,176,36369.00,6272.00,32,239.545,616
27,2028-02-07,GRASP_VNS,27,0.9583,false,712,307,429,216,64988.00,10832.00,46,266.128,772
28,2028-04-01,ACS,28,0.3542,false,276,124,176,88,22303.00,3832.00,17,170.118,703
28,2028-04-01,GRASP_VNS,28,0.9792,false,770,295,416,216,63446.00,10714.00,47,277.848,590
29,2028-05-07,ACS,29,0.2917,false,200,94,140,73,18666.00,3296.00,14,83.286,181
29,2028-05-07,GRASP_VNS,29,0.8750,false,617,258,367,191,56746.00,9473.00,42,216.925,424
30,2028-05-31,ACS,30,1.3333,false,213,112,166,89,21335.00,3745.00,64,63.875,171
30,2028-05-31,GRASP_VNS,30,2.1042,false,745,333,466,241,74420.00,12544.00,101,176.472,444
