algoritmo,param_a,param_b,fecha_inicio,tc_dias,censurado
ACS,1.5000,0.7000,2026-09-16,199.4375,false
ACS,1.5000,0.7000,2027-04-27,5.8750,false
ACS,1.5000,0.9000,2026-09-16,173.7083,false
ACS,1.5000,0.9000,2027-04-27,6.1250,false
ACS,2.0000,0.7000,2026-09-16,199.4375,false
ACS,2.0000,0.7000,2027-04-27,5.9792,false
ACS,2.0000,0.9000,2026-09-16,201.6458,false
ACS,2.0000,0.9000,2027-04-27,4.5417,false
ACS,3.0000,0.7000,2026-09-16,199.4375,false
ACS,3.0000,0.7000,2027-04-27,6.3125,false
ACS,3.0000,0.9000,2026-09-16,201.2292,false
ACS,3.0000,0.9000,2027-04-27,6.3125,false
GRASP_VNS,0.1500,5,2026-09-16,117.9792,false
GRASP_VNS,0.1500,5,2027-04-27,6.2500,false
GRASP_VNS,0.1500,10,2026-09-16,119.2500,false
GRASP_VNS,0.1500,10,2027-04-27,6.2500,false
GRASP_VNS,0.3000,5,2026-09-16,125.3333,false
GRASP_VNS,0.3000,5,2027-04-27,6.3333,false
GRASP_VNS,0.3000,10,2026-09-16,145.0833,false
GRASP_VNS,0.3000,10,2027-04-27,6.3125,false
GRASP_VNS,0.5000,5,2026-09-16,146.2708,false
GRASP_VNS,0.5000,5,2027-04-27,6.3542,false
GRASP_VNS,0.5000,10,2026-09-16,146.3542,false
GRASP_VNS,0.5000,10,2027-04-27,6.5625,false
