algoritmo,configuracion,fecha_inicio,tc_dias,censurado
ACS,original(beta=2.0,q0=0.9,mejoras=on),2027-12-28,4.7500,false
ACS,original(beta=2.0,q0=0.9,mejoras=on),2028-02-02,0.5833,false
ACS,original(beta=2.0,q0=0.9,mejoras=on),2028-03-26,6.3750,false
ACS,original(beta=2.0,q0=0.9,mejoras=on),2028-06-05,0.2500,false
ACS,candidato(beta=2.0000,q0=0.9000,mejoras=on),2027-12-28,4.7500,false
ACS,candidato(beta=2.0000,q0=0.9000,mejoras=on),2028-02-02,0.5833,false
ACS,candidato(beta=2.0000,q0=0.9000,mejoras=on),2028-03-26,6.3750,false
ACS,candidato(beta=2.0000,q0=0.9000,mejoras=on),2028-06-05,0.2500,false
GRASP_VNS,original(alfa=0.3,iter=5),2027-12-28,5.2083,false
GRASP_VNS,original(alfa=0.3,iter=5),2028-02-02,1.1250,false
GRASP_VNS,original(alfa=0.3,iter=5),2028-03-26,6.9583,false
GRASP_VNS,original(alfa=0.3,iter=5),2028-06-05,0.7083,false
GRASP_VNS,candidato(alfa=0.5000,iter=10),2027-12-28,5.2917,false
GRASP_VNS,candidato(alfa=0.5000,iter=10),2028-02-02,1.2292,false
GRASP_VNS,candidato(alfa=0.5000,iter=10),2028-03-26,6.9792,false
GRASP_VNS,candidato(alfa=0.5000,iter=10),2028-06-05,0.7292,false
