variante,semilla,colapso,momento_colapso,pedidos_ingresados
ACS,1,true,2027-03-13T02:00,53697
ACS,2,true,2027-04-03T11:30,55873
ACS,3,true,2027-04-05T06:00,56481
ACS,4,true,2027-04-03T03:30,55781
ACS,5,true,2027-02-06T07:00,46443
ACS_mejorado,1,true,2027-04-08T20:30,57670
ACS_mejorado,2,true,2027-04-05T15:00,56604
ACS_mejorado,3,true,2027-04-06T20:30,56985
ACS_mejorado,4,true,2027-04-08T16:30,57608
ACS_mejorado,5,true,2027-04-05T05:30,56477
GRASP_VNS,1,true,2027-02-09T07:30,47345
GRASP_VNS,2,true,2027-02-09T09:30,47378
GRASP_VNS,3,true,2027-02-09T17:30,47466
GRASP_VNS,4,true,2027-02-09T08:30,47365
GRASP_VNS,5,true,2027-02-09T08:30,47365
