variante,fecha_bloque,u_estrella
ACS,2027-04-08,4222.0000
ACS,2027-04-01,3318.1875
ACS,2027-04-10,2889.3750
ACS,2027-03-07,4262.9063
ACS,2027-03-10,4074.0000
ACS_memoria_0.3,2027-04-08,3364.4063
ACS_memoria_0.3,2027-04-01,3123.0000
ACS_memoria_0.3,2027-04-10,2638.1250
ACS_memoria_0.3,2027-03-07,4201.1250
ACS_memoria_0.3,2027-03-10,4074.0000
ACS_memoria_0.6,2027-04-08,3694.2500
ACS_memoria_0.6,2027-04-01,3253.1250
ACS_memoria_0.6,2027-04-10,2449.6875
ACS_memoria_0.6,2027-03-07,3954.0000
ACS_memoria_0.6,2027-03-10,4074.0000
ACS_memoria_0.9,2027-04-08,4222.0000
ACS_memoria_0.9,2027-04-01,3188.0625
ACS_memoria_0.9,2027-04-10,2763.7500
ACS_memoria_0.9,2027-03-07,3954.0000
ACS_memoria_0.9,2027-03-10,4074.0000
GRASP_VNS,2027-04-08,5277.5000
GRASP_VNS,2027-04-01,5074.8750
GRASP_VNS,2027-04-10,4585.3125
GRASP_VNS,2027-03-07,5189.6250
GRASP_VNS,2027-03-10,5347.1250
