fecha,motivo
2028-12-01,"GRASP_VNS colapsa (semilla 5, 2028-12-01T15:30)"
2028-12-03,"GRASP_VNS colapsa (semilla 5, 2028-12-03T15:30)"
2028-11-03,"GRASP_VNS colapsa (semilla 5, 2028-11-03T16:00)"
2028-10-02,"GRASP_VNS colapsa (semilla 5, 2028-10-02T15:30)"
2028-08-04,"GRASP_VNS colapsa (semilla 5, 2028-08-04T17:30)"
2028-08-01,"GRASP_VNS colapsa (semilla 5, 2028-08-01T19:00)"
2028-12-02,"GRASP_VNS colapsa (semilla 5, 2028-12-02T19:30)"
2028-11-04,"GRASP_VNS colapsa (semilla 5, 2028-11-04T17:30)"
2028-06-05,"GRASP_VNS colapsa (semilla 5, 2028-06-05T18:30)"
2028-09-04,"GRASP_VNS colapsa (semilla 5, 2028-09-04T19:00)"
2028-09-02,"GRASP_VNS colapsa (semilla 5, 2028-09-02T20:30)"
2028-10-01,"GRASP_VNS colapsa (semilla 5, 2028-10-01T21:30)"
2028-10-06,"GRASP_VNS colapsa (semilla 5, 2028-10-06T22:30)"
2028-12-04,"GRASP_VNS colapsa (semilla 5, 2028-12-04T15:00)"
2028-06-04,"GRASP_VNS colapsa (semilla 5, 2028-06-04T20:00)"
2028-11-05,"GRASP_VNS colapsa (semilla 5, 2028-11-05T20:30)"
2028-09-06,"GRASP_VNS colapsa (semilla 5, 2028-09-06T19:30)"
2028-11-01,"GRASP_VNS colapsa (semilla 5, 2028-11-01T19:30)"
2028-11-02,"GRASP_VNS colapsa (semilla 5, 2028-11-02T21:00)"
2028-06-02,"GRASP_VNS colapsa (semilla 5, 2028-06-02T22:30)"
2028-04-04,"GRASP_VNS colapsa (semilla 5, 2028-04-04T18:00)"
2028-07-04,"GRASP_VNS colapsa (semilla 5, 2028-07-04T21:00)"
2028-07-03,"GRASP_VNS colapsa (semilla 5, 2028-07-03T18:30)"
2028-05-05,"GRASP_VNS colapsa (semilla 5, 2028-05-05T22:00)"
2028-09-01,"GRASP_VNS colapsa (semilla 5, 2028-09-01T17:30)"
2028-04-01,"GRASP_VNS colapsa (semilla 5, 2028-04-02T00:30)"
2028-06-06,"GRASP_VNS colapsa (semilla 5, 2028-06-06T23:30)"
2028-09-05,"GRASP_VNS colapsa (semilla 5, 2028-09-05T23:30)"
2028-07-06,"GRASP_VNS colapsa (semilla 5, 2028-07-06T22:00)"
2028-04-03,"GRASP_VNS colapsa (semilla 5, 2028-04-04T01:30)"
2028-12-05,"GRASP_VNS colapsa (semilla 5, 2028-12-06T00:30)"
2028-08-02,"GRASP_VNS colapsa (semilla 5, 2028-08-02T22:30)"
2028-10-03,"GRASP_VNS colapsa (semilla 5, 2028-10-03T23:30)"
2028-02-07,"GRASP_VNS colapsa (semilla 5, 2028-02-07T21:30)"
2028-07-01,"GRASP_VNS colapsa (semilla 5, 2028-07-01T21:00)"
2028-10-04,"GRASP_VNS colapsa (semilla 5, 2028-10-04T22:00)"
2028-06-03,"GRASP_VNS colapsa (semilla 5, 2028-06-03T21:30)"
2028-05-06,"GRASP_VNS colapsa (semilla 5, 2028-05-07T00:00)"
2028-09-03,"GRASP_VNS colapsa (semilla 5, 2028-09-04T00:30)"
2028-02-03,"GRASP_VNS colapsa (semilla 5, 2028-02-04T02:30)"
2028-07-05,"GRASP_VNS colapsa (semilla 5, 2028-07-06T02:30)"
2028-10-05,"GRASP_VNS colapsa (semilla 5, 2028-10-05T22:00)"
2028-05-07,"GRASP_VNS colapsa (semilla 5, 2028-05-07T23:00)"
2028-08-03,"GRASP_VNS colapsa (semilla 5, 2028-08-04T03:00)"
2028-05-01,"GRASP_VNS colapsa (semilla 5, 2028-05-01T23:30)"
2028-08-05,"GRASP_VNS colapsa (semilla 5, 2028-08-06T00:30)"
2028-02-02,"GRASP_VNS colapsa (semilla 5, 2028-02-03T03:00)"
2028-05-03,"GRASP_VNS colapsa (semilla 5, 2028-05-04T17:30)"
2028-05-02,"GRASP_VNS colapsa (semilla 5, 2028-05-03T07:30)"
2028-08-06,"GRASP_VNS colapsa (semilla 5, 2028-08-07T01:30)"
2028-06-01,"GRASP_VNS colapsa (semilla 5, 2028-06-02T05:30)"
2028-04-06,"GRASP_VNS colapsa (semilla 5, 2028-04-07T05:30)"
2028-07-02,"GRASP_VNS colapsa (semilla 5, 2028-07-03T01:00)"
2028-05-04,"ACS colapsa (semilla 5, 2028-05-04T14:00)"
2027-12-07,"GRASP_VNS colapsa (semilla 5, 2027-12-08T06:30)"
2028-03-04,"GRASP_VNS colapsa (semilla 5, 2028-03-05T02:00)"
2028-03-01,"GRASP_VNS colapsa (semilla 5, 2028-03-02T03:00)"
2027-11-06,"ACS colapsa (semilla 5, 2027-11-06T17:30)"
2028-01-01,"GRASP_VNS colapsa (semilla 5, 2028-01-02T06:30)"
2027-12-05,"ACS colapsa (semilla 5, 2027-12-05T09:00)"
2028-03-03,"GRASP_VNS colapsa (semilla 5, 2028-03-04T03:30)"
2027-11-08,"GRASP_VNS colapsa (semilla 5, 2027-11-09T00:00)"
2028-04-02,"ACS colapsa (semilla 5, 2028-04-02T15:30)"
2028-02-08,"GRASP_VNS colapsa (semilla 2, 2028-02-09T05:30)"
2028-01-02,"GRASP_VNS colapsa (semilla 5, 2028-01-03T02:30)"
2028-02-06,"GRASP_VNS colapsa (semilla 4, 2028-02-07T07:00)"
2028-02-05,"GRASP_VNS colapsa (semilla 2, 2028-02-06T01:30)"
2027-12-06,"GRASP_VNS colapsa (semilla 5, 2027-12-06T16:00)"
2028-01-08,"ACS colapsa (semilla 5, 2028-01-08T07:00)"
2027-11-07,"ACS colapsa (semilla 5, 2027-11-07T18:30)"
2027-10-03,"ACS colapsa (semilla 5, 2027-10-03T22:00)"
2028-01-07,"GRASP_VNS colapsa (semilla 1, 2028-01-08T08:00)"
2027-10-09,"ACS colapsa (semilla 5, 2027-10-09T15:00)"
2028-04-05,"ACS colapsa (semilla 5, 2028-04-05T14:30)"
2028-01-04,"ACS colapsa (semilla 5, 2028-01-04T20:30)"
2027-10-07,"GRASP_VNS colapsa (semilla 2, 2027-10-08T06:00)"
2028-04-07,"GRASP_VNS colapsa (semilla 4, 2028-04-08T02:30)"
2028-03-06,"ACS colapsa (semilla 1, 2028-03-07T02:00)"
2028-03-02,"ACS colapsa (semilla 5, 2028-03-03T00:30)"
2027-12-01,"ACS colapsa (semilla 5, 2027-12-01T22:00)"
2028-03-05,"ACS colapsa (semilla 5, 2028-03-05T16:30)"
2028-03-07,"ACS colapsa (semilla 5, 2028-03-07T08:00)"
2027-10-10,"ACS colapsa (semilla 5, 2027-10-10T20:00)"
2028-01-05,"ACS colapsa (semilla 5, 2028-01-05T22:30)"
2027-11-03,"ACS colapsa (semilla 5, 2027-11-04T02:00)"
2028-03-08,"ACS colapsa (semilla 5, 2028-03-08T14:30)"
2027-09-03,"ACS colapsa (semilla 5, 2027-09-04T03:30)"
2027-09-06,"ACS colapsa (semilla 5, 2027-09-06T19:00)"
2027-11-09,"ACS colapsa (semilla 5, 2027-11-10T02:30)"
2028-01-06,"ACS colapsa (semilla 5, 2028-01-07T00:30)"
2028-02-01,"ACS colapsa (semilla 5, 2028-02-01T19:30)"
2027-08-03,"ACS colapsa (semilla 2, 2027-08-03T08:30)"
2028-02-04,"ACS colapsa (semilla 5, 2028-02-04T07:30)"
2027-08-05,"ACS colapsa (semilla 5, 2027-08-06T01:30)"
2028-01-03,"ACS colapsa (semilla 3, 2028-01-03T22:00)"
2028-07-07,"ACS colapsa (semilla 5, 2028-07-07T19:00)"
2027-09-07,"ACS colapsa (semilla 4, 2027-09-07T21:00)"
2027-12-09,"ACS colapsa (semilla 4, 2027-12-10T00:30)"
2027-11-04,"ACS colapsa (semilla 5, 2027-11-05T01:00)"
2027-11-02,"ACS colapsa (semilla 5, 2027-11-03T00:00)"
2027-12-04,"ACS colapsa (semilla 2, 2027-12-04T07:30)"
2027-10-05,"ACS colapsa (semilla 2, 2027-10-05T19:30)"
2027-12-03,"ACS colapsa (semilla 5, 2027-12-03T09:00)"
2028-11-06,"ACS colapsa (semilla 4, 2028-11-06T23:30)"
2027-09-04,"ACS colapsa (semilla 5, 2027-09-04T22:30)"
2027-12-08,"ACS colapsa (semilla 5, 2027-12-08T21:00)"
2027-07-08,"ACS colapsa (semilla 5, 2027-07-08T14:30)"
2027-06-11,"ACS colapsa (semilla 2, 2027-06-11T17:30)"
2027-07-02,"ACS colapsa (semilla 4, 2027-07-03T03:00)"
2027-08-02,"ACS colapsa (semilla 5, 2027-08-02T11:00)"
2027-08-10,"ACS colapsa (semilla 3, 2027-08-10T18:30)"
2027-10-04,"ACS colapsa (semilla 4, 2027-10-05T03:00)"
2027-08-06,"ACS colapsa (semilla 2, 2027-08-07T01:00)"
2027-06-02,"ACS colapsa (semilla 5, 2027-06-03T02:30)"
2027-11-01,"ACS colapsa (semilla 5, 2027-11-02T01:30)"
2027-06-04,"ACS colapsa (semilla 2, 2027-06-05T01:00)"
2027-07-01,"ACS colapsa (semilla 2, 2027-07-01T23:00)"
2027-10-01,"ACS colapsa (semilla 4, 2027-10-01T10:30)"
2027-09-08,"ACS colapsa (semilla 5, 2027-09-09T01:00)"
2027-09-09,"ACS colapsa (semilla 5, 2027-09-09T13:30)"
2027-09-02,"ACS colapsa (semilla 2, 2027-09-03T01:00)"
2027-05-08,"ACS colapsa (semilla 4, 2027-05-08T11:00)"
